{
  "project_info": {
    "project_number": "13203234968",
    "firebase_url": "https://fbupload-6c4ee.firebaseio.com",
    "project_id": "fbupload-6c4ee",
    "storage_bucket": "fbupload-6c4ee.appspot.com"
  },
  "client": [
    {
      "client_info": {
        "mobilesdk_app_id": "1:13203234968:android:aa4a3a54b7a12f1a13b0ed",
        "android_client_info": {
          "package_name": "com.example.fbupload"
        }
      },
      "oauth_client": [
        {
          "client_id": "13203234968-fk1sg9l2rvp77rko86nm4942hn3pg156.apps.googleusercontent.com",
          "client_type": 1,
          "android_info": {
            "package_name": "com.example.fbupload",
            "certificate_hash": "9bda139828653469eb8c3b7ff48aa818ae4152a2"
          }
        },
        {
          "client_id": "13203234968-dgf072bh7jbvpnof0tpa2io6csjddck6.apps.googleusercontent.com",
          "client_type": 3
        }
      ],
      "api_key": [
        {
          "current_key": "AIzaSyBCFUfZg-1Wma0B6QJ05_TBysv1VP2HqKs"
        }
      ],
      "services": {
        "appinvite_service": {
          "other_platform_oauth_client": [
            {
              "client_id": "13203234968-dgf072bh7jbvpnof0tpa2io6csjddck6.apps.googleusercontent.com",
              "client_type": 3
            }
          ]
        }
      }
    },
    {
      "client_info": {
        "mobilesdk_app_id": "1:13203234968:android:4face2fc5faad7fc13b0ed",
        "android_client_info": {
          "package_name": "com.example.sohailxapp"
        }
      },
      "oauth_client": [
        {
          "client_id": "13203234968-09ptq58b1bdh81r5qqdargevtf9ea5s6.apps.googleusercontent.com",
          "client_type": 1,
          "android_info": {
            "package_name": "com.example.sohailxapp",
            "certificate_hash": "9bda139828653469eb8c3b7ff48aa818ae4152a2"
          }
        },
        {
          "client_id": "13203234968-dgf072bh7jbvpnof0tpa2io6csjddck6.apps.googleusercontent.com",
          "client_type": 3
        }
      ],
      "api_key": [
        {
          "current_key": "AIzaSyBCFUfZg-1Wma0B6QJ05_TBysv1VP2HqKs"
        }
      ],
      "services": {
        "appinvite_service": {
          "other_platform_oauth_client": [
            {
              "client_id": "13203234968-dgf072bh7jbvpnof0tpa2io6csjddck6.apps.googleusercontent.com",
              "client_type": 3
            }
          ]
        }
      }
    }
  ],
  "configuration_version": "1"
}